time,detector1,detector2,detector3
0,0,0,0
0.05,0,0,0
0.1,0,0,0
0.15,0,0,0
0.2,0,0,0
0.25,0,0,0
0.3,0,0,0
0.35,0,0,0
0.4,0,0,0
0.45000002,0,0,0
0.5,0,0,0
0.55,0,0,0
0.6,0,0,0
0.65000004,0,0,0
0.7,0,0,0
0.75,0,0,0
0.8,0,0,0
0.85,0,0,0
0.90000004,0,0,0
0.95,0,0,0
1,0,0,0
1.0500001,0,0,0
1.1,0,0,0
1.15,0,0,0
1.2,0,0,0
1.25,0,0,0
1.3000001,0,0,0
1.35,0,0,0
1.4,0,0,0
1.45,0,0,0
1.5,0,0,0
1.5500001,0,0,0
1.6,0,0,0
1.65,0,0,0
1.7,0,0,0
1.75,0,0,0
1.8000001,0,0,0
1.85,0,0,0
1.9,0,0,0
1.95,0,0,0
2,0,0,0
2.05,0,0,0
2.1000001,0,0,0
2.15,0,0,0
2.2,0,0,0
2.25,0,0,0
2.3,0,0,0
2.3500001,0,0,0
2.4,0,0,0
2.45,0,0,0
2.5,0,0,0
2.55,0,0,0
2.6000001,0,0,0
2.65,0,0,0
2.7,0,0,0
2.75,0,0,0
2.8,0,0,0
2.8500001,0,0,0
2.9,0,0,0
2.95,0,0,0
3,0,0,0
3.05,0,0,0
3.1000001,0,0,0
3.15,0,0,0
3.2,0,0,0
3.25,0,0,0
3.3,0,0,0
3.3500001,0,0,0
3.4,0,0,0
3.45,0,0,0
3.5,0,0,0
3.55,0,0,0
3.6000001,0,0,0
3.65,0,0,0
3.7,0,0,0
3.75,0,0,0
3.8,0,0,0
3.8500001,0,0,0
3.9,0,0,0
3.95,0,0,0
4,0,0,0
4.05,0,0,0
4.1,0,0,0
4.15,0,0,0
4.2000003,0,0,0
4.25,0,0,0
4.3,0,0,0
4.35,0,0,0
4.4,0,0,0
4.4500003,0,0,0
4.5,0,0,0
4.55,0,0,0
4.6,0,0,0
4.65,0,0,0
4.7000003,0,0,0
4.75,0,0,0
4.8,0,0,0
4.85,0,0,0
4.9,0,0,0
4.9500003,0,0,0
5,0,0,0
5.05,0,0,0
5.1,0,0,0
5.15,0,0,0
5.2000003,0,0,0
5.25,0,0,0
5.3,0,0,0
5.35,0,0,0
5.4,0,0,0
5.4500003,0,0,0
5.5,0,0,0
5.55,0,0,0
5.6,0,0,0
5.65,0,0,0
5.7000003,0,0,0
5.75,0,0,0
5.8,0,0,0
5.85,0,0,0
5.9,0,0,0
5.9500003,0,0,0
6,0,0,0
6.05,0,0,0
6.1,0,0,0
6.15,0,0,0
6.2000003,0,0,0
6.25,0,0,0
6.3,0,0,0
6.35,0,0,0
6.4,0,0,0
6.4500003,0,0,0
6.5,0,0,0
6.55,0,0,0
6.6,0,0,0
6.65,0,0,0
6.7000003,0,0,0
6.75,0,0,0
6.8,0,0,0
6.85,0,0,0
6.9,0,0,0
6.9500003,0,0,0
7,0,0,0
7.05,0,0,0
7.1,0,0,0
7.15,0,0,0
7.2000003,0,0,0
7.25,0.00000023841858,0,0
7.3,0.00000047683716,0,0
7.35,0.00000071525574,0,0
7.4,0.0000009536743,0,0
7.4500003,0.0000011920929,0,0
7.5,0.0000014305115,0,0
7.55,0.00000166893,0,0
7.6,0.0000021457672,0,0
7.65,0.0000026226044,0,0
7.7000003,0.0000030994415,0,0
7.75,0.0000038146973,0,0
7.8,0.000004529953,0,0
7.85,0.0000054836273,0,0
7.9,0.00000667572,0,0
7.9500003,0.000008106232,0,0
8,0.000009536743,0,0
8.05,0.000011205673,0,0
8.1,0.00001335144,0,0
8.150001,0.000015735626,0,0
8.2,0.00001835823,0,0
8.25,0.000021457672,0,0
8.3,0.00002503395,0,0
8.35,0.000029087067,0,0
8.400001,0.00003361702,0,0
8.45,0.00003886223,0,0
8.5,0.000044822693,0,0
8.55,0.00005173683,0,0
8.6,0.000059366226,0,0
8.650001,0.000067949295,0,0
8.7,0.00007772446,0,0
8.75,0.00008869171,0,0
8.8,0.00010108948,0,0
8.85,0.000114917755,0,0
8.900001,0.00013041496,0,0
8.95,0.0001475811,0,0
9,0.000166893,0,0
9.05,0.00018835068,0,0
9.1,0.00021195412,0,0
9.150001,0.00023818016,0,0
9.2,0.0002670288,0,0
9.25,0.00029873848,0,0
9.3,0.0003335476,0,0
9.35,0.00037169456,0,0
9.400001,0.00041341782,0,0
9.45,0.00045895576,0,0
9.5,0.00050854683,0,0
9.55,0.0005624294,0,0
9.6,0.000620842,0,0
9.650001,0.0006840229,0,0
9.7,0.0007522106,0,0
9.75,0.00082564354,0,0
9.8,0.0009045601,0,0
9.85,0.0009891987,0,0
9.900001,0.0010797977,0,0
9.95,0.0011763573,0,0
10,0.0012791157,0,0
10.05,0.0013883114,0,0
10.1,0.0015039444,0,0
10.150001,0.0016260147,0,0
10.2,0.0017547607,0,0
10.25,0.0018901825,0,0
10.3,0.00203228,0,0
10.35,0.0021808147,0,0
10.400001,0.0023357868,0,0
10.45,0.0024971962,0,0
10.5,0.002664566,0,0
10.55,0.0028378963,0,0
10.6,0.0030169487,0,0
10.650001,0.0032012463,0,0
10.7,0.0033905506,0,0
10.75,0.003584385,0,0
10.8,0.0037822723,0,0
10.85,0.003983736,0,0
10.900001,0.004188299,0,0
10.95,0.004395008,0,0
11,0.004603386,0,0
11.05,0.004812956,0,0
11.1,0.005022764,0,0
11.150001,0.0052318573,0,0
11.2,0.00543952,0,0
11.25,0.0056450367,0,0
11.3,0.005847454,0,0
11.35,0.0060460567,0,0
11.400001,0.006239891,0,0
11.45,0.0064280033,0,0
11.5,0.0066096783,0,0
11.55,0.0067839622,0,0
11.6,0.00695014,0,0
11.650001,0.0071074963,0,0
11.7,0.007255554,0,0
11.75,0.00739336,0,0
11.8,0.0075204372,0,0
11.85,0.0076360703,0,0
11.900001,0.0077400208,0,0
11.95,0.007831812,0,0
12,0.007910967,0,0
12.05,0.007977486,0,0
12.1,0.00803113,0,0
12.150001,0.008071661,0,0
12.2,0.008099318,0,0
12.25,0.008113861,0,0
12.3,0.008115768,0,0
12.35,0.00810504,0,0
12.400001,0.008081913,0,0
12.45,0.008046865,0,0
12.5,0.008000612,0,0
12.55,0.007943392,0,0
12.6,0.007875681,0,0
12.650001,0.007798195,0,0
12.7,0.007711649,0,0
12.75,0.00761652,0,0
12.8,0.007513523,0,0
12.85,0.0074033737,0,0
12.900001,0.0072870255,0,0
12.95,0.0071647167,0,0
13,0.007037401,0,0
13.05,0.0069055557,0,0
13.1,0.006769657,0,0
13.150001,0.0066301823,0,0
13.2,0.0064873695,0,0
13.25,0.006341934,0,0
13.3,0.0061938763,0,0
13.35,0.006043434,0,0
13.400001,0.0058908463,0,0
13.45,0.0057361126,0,0
13.5,0.0055794716,0,0
13.55,0.005420685,0,0
13.6,0.0052597523,0,0
13.650001,0.0050964355,0,0
13.7,0.0049307346,0,0
13.75,0.004762411,0,0
13.8,0.004590988,0,0
13.85,0.0044164658,0,0
13.900001,0.004238367,0,0
13.95,0.004056692,0,0
14,0.003870964,0,0
14.05,0.003680706,0,0
14.1,0.003485918,0,0
14.150001,0.0032861233,0,0
14.2,0.0030813217,0,0
14.25,0.002871275,0,0
14.3,0.0026557446,0,0
14.35,0.0024347305,0,0
14.400001,0.0022082329,0,0
14.45,0.0019762516,0,0
14.5,0.0017390251,0,0
14.55,0.0014967918,0,0
14.6,0.0012500286,0,0
14.650001,0.0009989738,0,0
14.7,0.0007441044,0,0
14.75,0.00048613548,0,0
14.8,0.00022530556,0,0
14.85,-0.000037431717,0,0
14.900001,-0.00030136108,0,0
14.95,-0.0005657673,0,0
15,-0.0008301735,0,0
15.05,-0.001093626,0,0
15.1,-0.0013554096,0,0
15.150001,-0.001614809,0,0
15.2,-0.001871109,0,0
15.25,-0.0021238327,0,0
15.3,-0.0023725033,0,0
15.35,-0.0026164055,0,0
15.400001,-0.0028550625,0,0
15.45,-0.0030882359,0,0
15.5,-0.0033156872,0,0
15.55,-0.003537178,0,0
15.6,-0.00375247,0,0
15.650001,-0.003961563,0,0
15.7,-0.0041644573,0,0
15.75,-0.0043611526,0,0
15.8,-0.004551649,0,0
15.85,-0.0047364235,0,0
15.900001,-0.0049152374,0,0
15.95,-0.0050885677,0,0
16,-0.0052564144,0,0
16.050001,-0.0054192543,0,0
16.1,-0.0055770874,0,0
16.15,-0.0057303905,0,0
16.2,-0.0058789253,0,0
16.25,-0.0060231686,0,0
16.300001,-0.0061631203,0,0
16.35,-0.0062987804,0,0
16.4,-0.006430149,0,0
16.45,-0.0065574646,0,0
16.5,-0.00668025,0,0
16.550001,-0.006798744,0,0
16.6,-0.0069127083,0,0
16.65,-0.007021904,0,0
16.7,-0.007126093,0,0
16.75,-0.0072250366,0,0
16.800001,-0.0073182583,0,0
16.85,-0.007405758,0,0
16.9,-0.00748682,0,0
16.95,-0.007561207,0,0
17,-0.0076286793,0,0
17.050001,-0.0076887608,0,0
17.1,-0.0077409744,0,0
17.15,-0.0077848434,0,0
17.2,-0.007820129,0,0
17.25,-0.007846594,0,0
17.300001,-0.00786376,0,0
17.35,-0.007871389,0,0
17.4,-0.007869244,0,0
17.45,-0.007857323,0,0
17.5,-0.007835388,0,0
17.550001,-0.00780344,0,0
17.6,-0.007761717,0,0
17.65,-0.0077102184,0,0
17.7,-0.007648945,0,0
17.75,-0.0075786114,0,0
17.800001,-0.007499218,0,0
17.85,-0.00741148,0,0
17.9,-0.0073156357,0,0
17.95,-0.007212162,0,0
18,-0.007101774,0,0
18.050001,-0.006984949,0,0
18.1,-0.006861925,0,0
18.15,-0.0067334175,0,0
18.2,-0.006599903,0,0
18.25,-0.0064616203,0,0
18.300001,-0.006319046,0,0
18.35,-0.0061724186,0,0
18.4,-0.006021738,0,0
18.45,-0.005867243,0,0
18.5,-0.0057091713,0,0
18.550001,-0.005547285,0,0
18.6,-0.0053818226,0,0
18.65,-0.005212307,0,0
18.7,-0.0050389767,0,0
18.75,-0.004861355,0,0
18.800001,-0.0046794415,0,0
18.85,-0.004492998,0,0
18.9,-0.0043017864,0,0
18.95,-0.0041058064,0,0
19,-0.0039048195,0,0
19.050001,-0.0036985874,0,0
19.1,-0.0034873486,0,0
19.15,-0.0032708645,0,0
19.2,-0.0030493736,0,0
19.25,-0.002822876,0,0
19.300001,-0.0025918484,0,0
19.35,-0.0023562908,0,0
19.4,-0.0021166801,0,0
19.45,-0.0018734932,0,0
19.5,-0.0016274452,0,0
19.550001,-0.0013787746,0,0
19.6,-0.0011281967,0,0
19.65,-0.0008761883,0,0
19.7,-0.0006234646,0,0
19.75,-0.00037050247,0,0
19.800001,-0.0001180172,0,0
19.85,0.00013375282,0,0
19.9,0.00038409233,0,0
19.95,0.0006327629,0,0
20,0.00087952614,0,0
20.050001,0.0011241436,0,0
20.1,0.0013666153,0,0
20.15,0.0016067028,0,0
20.2,0.0018441677,0,0
20.25,0.0020792484,0,0
20.300001,0.0023117065,0,0
20.35,0.002541542,0,0
20.4,0.002768755,0,0
20.45,0.0029933453,0,0
20.5,0.003215313,0,0
20.550001,0.0034344196,0,0
20.6,0.0036504269,0,0
20.65,0.0038633347,0,0
20.7,0.004072666,0,0
20.75,0.004278183,0,0
20.800001,0.0044794083,0,0
20.85,0.0046761036,0,0
20.9,0.004867792,0,0
20.95,0.0050542355,0,0
21,0.005235195,0,0
21.050001,0.005410433,0,0
21.1,0.00557971,0,0
21.15,0.0057430267,0,0
21.2,0.005900383,0,0
21.25,0.006051779,0,0
21.300001,0.0061974525,0,0
21.35,0.0063376427,0,0
21.4,0.0064725876,0,0
21.45,0.0066025257,0,0
21.5,0.006727457,0,0
21.550001,0.00684762,0,0
21.6,0.006963253,0,0
21.65,0.0070741177,0,0
21.7,0.0071799755,0,0
21.75,0.007280588,0,0
21.800001,0.0073754787,0,0
21.85,0.0074641705,0,0
21.9,0.007545948,0,0
21.95,0.0076203346,0,0
22,0.0076863766,0,0
22.050001,0.0077433586,0,0
22.1,0.0077905655,0,0
22.15,0.007827282,0,0
22.2,0.00785327,0,0
22.25,0.007867813,0,0
22.300001,0.007871151,0,0
22.35,0.007863045,0,0
22.4,0.007843733,0,0
22.45,0.0078139305,0,0
22.5,0.0077741146,0,0
22.550001,0.0077250004,0,0
22.6,0.0076675415,0,0
22.65,0.0076026917,0,0
22.7,0.007531643,0,0
22.75,0.007455349,0,0
22.800001,0.007374525,0,0
22.85,0.007290125,0,0
22.9,0.0072026253,0,0
22.95,0.007112503,0,0
23,0.0070199966,0,0
23.050001,0.0069248676,0,0
23.1,0.006827116,0,0
23.15,0.0067260265,0,0
23.2,0.006620884,0,0
23.25,0.006510973,0,0
23.300001,0.0063955784,0,0
23.35,0.006273508,0,0
23.4,0.0061438084,0,0
23.45,0.0060055256,0,0
23.5,0.005858183,0,0
23.550001,0.005701065,0,0
23.6,0.005533695,0,0
23.65,0.005356312,0,0
23.7,0.0051686764,0,0
23.75,0.004971266,0,0
23.800001,0.0047647953,0,0
23.85,0.0045502186,0,0
23.9,0.0043284893,0,0
23.95,0.0041007996,0,0
24,0.0038683414,0,0
24.050001,0.0036325455,0,0
24.1,0.0033946037,0,0
24.15,0.0031557083,0,0
24.2,0.0029170513,0,0
24.25,0.002679348,0,0
24.300001,0.002443552,0,0
24.35,0.0022099018,0,0
24.4,0.0019788742,0,0
24.45,0.0017502308,0,0
24.5,0.0015239716,0,0
24.550001,0.0012993813,0,0
24.6,0.001075983,0,0
24.65,0.00085282326,0,0
24.7,0.00062918663,0,0
24.75,0.0004041195,0,0
24.800001,0.00017690659,0,0
24.85,-0.000053167343,0,0
24.9,-0.00028681755,0,0
24.95,-0.00052428246,0,0
25,-0.0007658005,0,0
25.050001,-0.0010113716,0,0
25.1,-0.0012602806,0,0
25.15,-0.0015120506,0,0
25.2,-0.001765728,0,0
25.25,-0.0020201206,0,0
25.300001,-0.0022740364,0,0
25.35,-0.0025260448,0,0
25.4,-0.0027747154,0,0
25.45,-0.003018856,0,0
25.5,-0.0032570362,0,0
25.550001,-0.0034885406,0,0
25.6,-0.0037121773,0,0
25.65,-0.0039277077,0,0
25.7,-0.0041348934,0,0
25.75,-0.004333496,0,0
25.800001,-0.004524231,0,0
25.85,-0.004707575,0,0
25.9,-0.004884243,0,0
25.95,-0.0050554276,0,0
26,-0.0052218437,0,0
26.050001,-0.0053846836,0,0
26.1,-0.0055446625,0,0
26.15,-0.005702734,0,0
26.2,-0.0058591366,0,0
26.25,-0.0060141087,0,0
26.300001,-0.00616765,0,0
26.35,-0.006319523,0,0
26.4,-0.006468773,0,0
26.45,-0.006614685,0,0
26.5,-0.0067560673,0,0
26.550001,-0.006891489,0,0
26.6,-0.007019758,0,0
26.65,-0.007139683,0,0
26.7,-0.0072500706,0,0
26.75,-0.007349968,0,0
26.800001,-0.0074386597,0,0
26.85,-0.007515669,0,0
26.9,-0.007580757,0,0
26.95,-0.007634163,0,0
27,-0.007676363,0,0
27.050001,-0.0077078342,0,0
27.1,-0.0077295303,0,0
27.15,-0.007742405,0,0
27.2,-0.00774765,0,0
27.25,-0.007745981,0,0
27.300001,-0.0077385902,0,0
27.35,-0.0077261925,0,0
27.4,-0.0077092648,0,0
27.45,-0.007688284,0,0
27.5,-0.00766325,0,0
27.550001,-0.007634163,0,0
27.6,-0.007600546,0,0
27.65,-0.0075621605,0,0
27.7,-0.007518053,0,0
27.75,-0.0074677467,0,0
27.800001,-0.0074105263,0,0
27.85,-0.0073456764,0,0
27.9,-0.007272482,0,0
27.95,-0.0071902275,0,0
28,-0.007098675,0,0
28.050001,-0.0069975853,0,0
28.1,-0.0068867207,0,0
28.15,-0.0067658424,0,0
28.2,-0.0066354275,0,0
28.25,-0.006495476,0,0
28.300001,-0.0063462257,0,0
28.35,-0.0061883926,0,0
28.4,-0.006022215,0,0
28.45,-0.0058481693,0,0
28.5,-0.005666733,0,0
28.550001,-0.005478382,0,0
28.6,-0.0052838326,0,0
28.65,-0.0050833225,0,0
28.7,-0.0048775673,0,0
28.75,-0.0046670437,0,0
28.800001,-0.004452467,0,0
28.85,-0.0042340755,0,0
28.9,-0.0040123463,0,0
28.95,-0.0037875175,0,0
29,-0.0035600662,0,0
29.050001,-0.0033302307,0,0
29.1,-0.003098011,0,0
29.15,-0.0028634071,0,0
29.2,-0.002626419,0,0
29.25,-0.0023868084,0,0
29.300001,-0.0021443367,0,0
29.35,-0.0018985271,0,0
29.4,-0.0016489029,0,0
29.45,-0.0013952255,0,0
29.5,-0.0011370182,0,0
29.550001,-0.0008740425,0,0
29.6,-0.00060606,0,0
29.65,-0.00033307076,0,0
29.7,-0.00005531311,0,0
29.75,0.00022697449,0,0
29.800001,0.0005133152,0,0
29.85,0.0008029938,0,0
29.9,0.0010950565,0,0
29.95,0.0013887882,0,0
30,0.0016834736,0,0
30.050001,0.0019779205,0,0
30.1,0.0022716522,0,0
30.15,0.0025639534,0,0
30.2,0.0028541088,0,0
30.25,0.00314188,0,0
30.300001,0.0034270287,0,0
30.35,0.0037095547,0,0
30.4,0.0039896965,0,0
30.45,0.004267454,0,0
30.5,0.004543066,0,0
30.550001,0.004816532,0,0
30.6,0.0050878525,0,0
30.65,0.005357027,0,0
30.7,0.0056238174,0,0
30.75,0.005887747,0,0
30.800001,0.0061481,0,0
30.85,0.0064041615,0,0
30.9,0.006655216,0,0
30.95,0.0069003105,0,0
31,0.0071384907,0,0
31.050001,0.00736928,0,0
31.1,0.007591963,0,0
31.15,0.0078060627,0,0
31.2,0.0080115795,0,0
31.25,0.008208752,0,0
31.300001,0.008397818,0,0
31.35,0.008579254,0,0
31.4,0.008753777,0,0
31.45,0.0089221,0,0
31.5,0.009085178,0,0
31.550001,0.00924325,0,0
31.6,0.009396553,0,0
31.65,0.009545326,0,0
31.7,0.009689093,0,0
31.75,0.009827137,0,0
31.800001,0.009958267,0,0
31.85,0.010081291,0,0
31.9,0.01019454,0,0
31.95,0.010296583,0,0
32,0.010385513,0,0
32.05,0.0104596615,0,0
32.100002,0.010517597,0,0
32.15,0.010558605,0,0
32.2,0.01058197,0,0
32.25,0.010587454,0,0
32.3,0.010575533,0,0
32.350002,0.010547161,0,0
32.4,0.010503292,0,0
32.45,0.010445595,0,0
32.5,0.0103755,0,0
32.55,0.010294914,0,0
32.600002,0.010205507,0,0
32.65,0.010108709,0,0
32.7,0.010005474,0,0
32.75,0.009896755,0,0
32.8,0.009782791,0,0
32.850002,0.009663343,0,0
32.9,0.009538174,0,0
32.95,0.009406328,0,0
33,0.009266853,0,0
33.05,0.009118557,0,0
33.100002,0.008960247,0,0
33.15,0.008790731,0,0
33.2,0.008609295,0,0
33.25,0.008415461,0,0
33.3,0.00820899,0,0
33.350002,0.007990122,0,0
33.4,0.0077593327,0,0
33.45,0.007517338,0,0
33.5,0.0072653294,0,0
33.55,0.0070044994,0,0
33.600002,0.0067362785,0,0
33.65,0.0064618587,0,0
33.7,0.006182432,0,0
33.75,0.005899191,0,0
33.8,0.005612612,0,0
33.850002,0.0053231716,0,0
33.9,0.0050313473,0,0
33.95,0.0047371387,0,0
34,0.0044403076,0,0
34.05,0.004140854,0,0
34.100002,0.0038383007,0,0
34.15,0.003532648,0,0
34.2,0.003223896,0,0
34.25,0.002912283,0,0
34.3,0.0025978088,0,0
34.350002,0.0022809505,0,0
34.4,0.0019624233,0,0
34.45,0.001642704,0,0
34.5,0.0013227463,0,0
34.55,0.0010032654,0,0
34.600002,0.0006849766,0,0
34.65,0.00036859512,0,0
34.7,0.000054359436,0,0
34.75,-0.00025749207,0,0
34.8,-0.0005669594,0,0
34.850002,-0.0008740425,0,0
34.9,-0.0011792183,0,0
34.95,-0.0014829636,0,0
35,-0.0017857552,0,0
35.05,-0.0020878315,0,0
35.100002,-0.0023896694,0,0
35.15,-0.0026915073,0,0
35.2,-0.0029933453,0,0
35.25,-0.0032951832,0,0
35.3,-0.0035965443,0,0
35.350002,-0.0038969517,0,0
35.4,-0.0041959286,0,0
35.45,-0.0044925213,0,0
35.5,-0.0047860146,0,0
35.55,-0.005075693,0,0
35.600002,-0.0053608418,0,0
35.65,-0.005640745,0,0
35.7,-0.005914688,0,0
35.75,-0.006182432,0,0
35.8,-0.006443739,0,0
35.850002,-0.0066986084,0,0
35.9,-0.006946802,0,0
35.95,-0.00718832,0,0
36,-0.0074231625,0,0
36.05,-0.0076510906,0,0
36.100002,-0.007872105,0,0
36.15,-0.008085966,0,0
36.2,-0.008292437,0,0
36.25,-0.008491039,0,0
36.3,-0.008681297,0,0
36.350002,-0.008862495,0,0
36.4,-0.009034395,0,0
36.45,-0.00919652,0,0
36.5,-0.0093483925,0,0
36.55,-0.009489775,0,0
36.600002,-0.0096206665,0,0
36.65,-0.009741068,0,0
36.7,-0.009850979,0,0
36.75,-0.009950876,0,0
36.8,-0.010040998,0,0
36.850002,-0.010121584,0,0
36.9,-0.0101931095,0,0
36.95,-0.010255575,0,0
37,-0.010309219,0,0
37.05,-0.010354042,0,0
37.100002,-0.010389566,0,0
37.15,-0.010415554,0,0
37.2,-0.010431528,0,0
37.25,-0.010436773,0,0
37.3,-0.010430574,0,0
37.350002,-0.010412216,0,0
37.4,-0.010380983,0,0
37.45,-0.0103366375,0,0
37.5,-0.01027894,0,0
37.55,-0.010207891,0,0
37.600002,-0.01012373,0,0
37.65,-0.010026932,0,0
37.7,-0.009918213,0,0
37.75,-0.009798527,0,0
37.8,-0.009668827,0,0
37.850002,-0.009530306,0,0
37.9,-0.009383917,0,0
37.95,-0.009230375,0,0
38,-0.009070635,0,0
38.05,-0.008905172,0,0
38.100002,-0.008734465,0,0
38.15,-0.008558273,0,0
38.2,-0.008376598,0,0
38.25,-0.008189201,0,0
38.3,-0.0079956055,0,0
38.350002,-0.007795334,0,0
38.4,-0.0075876713,0,0
38.45,-0.0073723793,0,0
38.5,-0.007148981,0,0
38.55,-0.0069172382,0,0
38.600002,-0.0066769123,0,0
38.65,-0.00642848,0,0
38.7,-0.0061719418,0,0
38.75,-0.0059075356,0,0
38.8,-0.005635977,0,0
38.850002,-0.0053577423,0,0
38.9,-0.0050735474,0,0
38.95,-0.004783869,0,0
39,-0.0044891834,0,0
39.05,-0.0041897297,0,0
39.100002,-0.0038859844,0,0
39.15,-0.003578186,0,0
39.2,-0.003266573,0,0
39.25,-0.0029511452,0,0
39.3,-0.0026316643,0,0
39.350002,-0.0023083687,0,0
39.4,-0.0019812584,0,0
39.45,-0.0016505718,0,0
39.5,-0.001316309,0,0
39.55,-0.0009784698,0,0
39.600002,-0.0006375313,0,0
39.65,-0.0002939701,0,0
39.7,0.00005197525,0,0
39.75,0.00040006638,0,0
39.8,0.000749588,0,0
39.850002,0.0011003017,0,0
39.9,0.0014514923,0,0
39.95,0.0018031597,0,0
40,0.0021545887,0,0
40.05,0.0025057793,0,0
40.100002,0.0028562546,0,0
40.15,0.0032057762,0,0
40.2,0.0035541058,0,0
40.25,0.0039010048,0,0
40.3,0.004246235,0,0
40.350002,0.004589319,0,0
40.4,0.004929781,0,0
40.45,0.0052673817,0,0
40.5,0.005601883,0,0
40.55,0.0059325695,0,0
40.600002,0.0062594414,0,0
40.65,0.0065820217,0,0
40.7,0.006900072,0,0
40.75,0.0072135925,0,0
40.8,0.0075223446,0,0
40.850002,0.007826567,0,0
40.9,0.008126259,0,0
40.95,0.0084216595,0,0
41,0.008712769,0,0
41.05,0.0089998245,0,0
41.100002,0.009282827,0,0
41.15,0.009561777,0,0
41.2,0.009836435,0,0
41.25,0.010106802,0,0
41.3,0.010372639,0,0
41.350002,0.01063323,0,0
41.4,0.010888338,0,0
41.45,0.011137247,0,0
41.5,0.011379719,0,0
41.55,0.011615276,0,0
41.600002,0.011843443,0,0
41.65,0.0120642185,0,0
41.7,0.012277365,0,0
41.75,0.01248312,0,0
41.8,0.012681484,0,0
41.850002,0.012872934,0,0
41.9,0.013057709,0,0
41.95,0.013236046,0,0
42,0.0134084225,0,0
42.05,0.013574839,0,0
42.100002,0.013735533,0,0
42.15,0.013890505,0,0
42.2,0.014039278,0,0
42.25,0.014181137,0,0
42.3,0.014315605,0,0
42.350002,0.014441729,0,0
42.4,0.014558554,0,0
42.45,0.014665127,0,0
42.5,0.014760256,0,0
42.55,0.014842987,0,0
42.600002,0.014912844,0,0
42.65,0.014968872,0,0
42.7,0.015011072,0,0
42.75,0.015039206,0,0
42.8,0.015053511,0,0
42.850002,0.015054226,0,0
42.9,0.015042067,0,0
42.95,0.015017271,0,0
43,0.014980793,0,0
43.05,0.014932871,0,0
43.100002,0.01487422,0,0
43.15,0.01480484,0,0
43.2,0.01472497,0,0
43.25,0.014634609,0,0
43.3,0.014533281,0,0
43.350002,0.014420509,0,0
43.4,0.014295816,0,0
43.45,0.014158249,0,0
43.5,0.01400733,0,0
43.55,0.013842344,0,0
43.600002,0.013662815,0,0
43.65,0.013468027,0,0
43.7,0.01325798,0,0
43.75,0.013032675,0,0
43.8,0.01279211,0,0
43.850002,0.012536764,0,0
43.9,0.012266874,0,0
43.95,0.011983156,0,0
44,0.011686087,0,0
44.05,0.0113761425,0,0
44.100002,0.011054039,0,0
44.15,0.010720015,0,0
44.2,0.010374308,0,0
44.25,0.010017395,0,0
44.3,0.009649277,0,0
44.350002,0.009269953,0,0
44.4,0.008879185,0,0
44.45,0.008477211,0,0
44.5,0.008063793,0,0
44.55,0.0076391697,0,0
44.600002,0.0072033405,0,0
44.65,0.006756544,0,0
44.7,0.006299019,0,0
44.75,0.00583148,0,0
44.8,0.0053544044,0,0
44.850002,0.0048685074,0,0
44.9,0.0043747425,0,0
44.95,0.0038740635,0,0
45,0.0033671856,0,0
45.05,0.0028550625,0,0
45.100002,0.0023386478,0,0
45.15,0.0018188953,0,0
45.2,0.0012965202,0,0
45.25,0.0007724762,0,0
45.3,0.00024724007,0,0
45.350002,-0.0002784729,0,0
45.4,-0.00080394745,0,0
45.45,-0.0013284683,0,0
45.5,-0.0018515587,0,0
45.55,-0.0023725033,0,0
45.600002,-0.0028908253,0,0
45.65,-0.0034058094,0,0
45.7,-0.0039167404,0,0
45.75,-0.004422903,0,0
45.8,-0.0049238205,0,0
45.850002,-0.0054187775,0,0
45.9,-0.0059070587,0,0
45.95,-0.006387949,0,0
46,-0.0068609715,0,0
46.05,-0.007325411,0,0
46.100002,-0.0077807903,0,0
46.15,-0.008226395,0,0
46.2,-0.008661747,0,0
46.25,-0.009086132,0,0
46.3,-0.009499311,0,0
46.350002,-0.00990057,0,0
46.4,-0.010289431,0,0
46.45,-0.010665417,0,0
46.5,-0.011028051,0,0
46.55,-0.011376858,0,0
46.600002,-0.011711836,0,0
46.65,-0.012032747,0,0
46.7,-0.012339592,0,0
46.75,-0.012632608,0,0
46.8,-0.012911797,0,0
46.850002,-0.013177395,0,0
46.9,-0.01342988,0,0
46.95,-0.013669729,0,0
47,-0.013896942,0,0
47.05,-0.014112234,0,0
47.100002,-0.014315605,0,0
47.15,-0.014507294,0,0
47.2,-0.0146873,0,0
47.25,-0.014855146,0,0
47.3,-0.015010595,0,0
47.350002,-0.01515317,0,0
47.4,-0.0152823925,0,0
47.45,-0.01539731,0,0
47.5,-0.015496969,0,0
47.55,-0.015580893,0,0
47.600002,-0.015648365,0,0
47.65,-0.01569891,0,0
47.7,-0.01573205,0,0
47.75,-0.015747786,0,0
47.8,-0.015746117,0,0
47.850002,-0.015727282,0,0
47.9,-0.015691519,0,0
47.95,-0.015639544,0,0
48,-0.015571833,0,0
48.05,-0.015488863,0,0
48.100002,-0.01539135,0,0
48.15,-0.01527977,0,0
48.2,-0.015154362,0,0
48.25,-0.015015364,0,0
48.3,-0.014862776,0,0
48.350002,-0.014696598,0,0
48.4,-0.014516354,0,0
48.45,-0.014321566,0,0
48.5,-0.014111996,0,0
48.55,-0.013887167,0,0
48.600002,-0.013646603,0,0
48.65,-0.013389826,0,0
48.7,-0.013116837,0,0
48.75,-0.012827635,0,0
48.8,-0.012522221,0,0
48.850002,-0.012201071,0,0
48.9,-0.011864424,0,0
48.95,-0.011512756,0,0
49,-0.011146784,0,0
49.05,-0.010766983,0,0
49.100002,-0.010373831,0,0
49.15,-0.009967804,0,0
49.2,-0.009549141,0,0
49.25,-0.00911808,0,0
49.3,-0.00867486,0,0
49.350002,-0.0082194805,0,0
49.4,-0.0077517033,0,0
49.45,-0.0072715282,0,0
49.5,-0.0067789555,0,0
49.55,-0.0062737465,0,0
49.600002,-0.0057559013,0,0
49.65,-0.0052256584,0,0
49.7,-0.0046834946,0,0
49.75,-0.0041298866,0,0
49.8,-0.0035653114,0,0
49.850002,-0.0029907227,0,0
49.9,-0.002407074,0,0
49.95,-0.0018153191,0,0
50,-0.00121665,0,0
50.05,-0.0006120205,0,0
50.100002,-0.0000023841858,0,0
50.15,0.00061130524,0,0
50.2,0.0012280941,0,0
50.25,0.0018475056,0,0
50.3,0.0024688244,0,0
50.350002,0.0030913353,0,0
50.4,0.0037147999,0,0
50.45,0.0043389797,0,0
50.5,0.0049631596,0,0
50.55,0.0055873394,0,0
50.600002,0.0062110424,0,0
50.65,0.0068337917,0,0
50.7,0.007454872,0,0
50.75,0.008074045,0,0
50.8,0.008690596,0,0
50.850002,0.009303808,0,0
50.9,0.009912968,0,0
50.95,0.010517359,0,0
51,0.011116266,0,0
51.05,0.011708975,0,0
51.100002,0.012294769,0,0
51.15,0.012872934,0,0
51.2,0.013442755,0,0
51.25,0.014003515,0,0
51.3,0.014554501,0,0
51.350002,0.015094757,0,0
51.4,0.015623808,0,0
51.45,0.0161407,0,0
51.5,0.016644478,0,0
51.55,0.017134428,0,0
51.600002,0.017609596,0,0
51.65,0.018069267,0,0
51.7,0.018512487,0,0
51.75,0.018938303,0,0
51.8,0.019345999,0,0
51.850002,0.01973486,0,0
51.9,0.02010417,0,0
51.95,0.020453691,0,0
52,0.02078271,0,0
52.05,0.021090746,0,0
52.100002,0.021377802,0,0
52.15,0.0216434,0,0
52.2,0.021887302,0,0
52.25,0.02210927,0,0
52.3,0.022309065,0,0
52.350002,0.02248621,0,0
52.4,0.022640467,0,0
52.45,0.022771358,0,0
52.5,0.02287817,0,0
52.55,0.022960663,0,0
52.600002,0.023018122,0,0
52.65,0.02305007,0,0
52.7,0.02305603,0,0
52.75,0.023035765,0,0
52.8,0.022989273,0,0
52.850002,0.022916317,0,0
52.9,0.022816896,0,0
52.95,0.022691488,0,0
53,0.02254033,0,0
53.05,0.02236414,0,0
53.100002,0.022163153,0,0
53.15,0.021938324,0,0
53.2,0.02169013,0,0
53.25,0.021419287,0,0
53.3,0.02112627,0,0
53.350002,0.020811558,0,0
53.4,0.020475864,0,0
53.45,0.020119667,0,0
53.5,0.019743204,0,0
53.55,0.019346952,0,0
53.600002,0.018931389,0,0
53.65,0.01849699,0,0
53.7,0.018044233,0,0
53.75,0.017573833,0,0
53.8,0.017086267,0,0
53.850002,0.016582727,0,0
53.9,0.016063929,0,0
53.95,0.015530825,0,0
54,0.014984369,0,0
54.05,0.014425516,0,0
54.100002,0.013855457,0,0
54.15,0.01327467,0,0
54.2,0.012684107,0,0
54.25,0.012084484,0,0
54.3,0.01147604,0,0
54.350002,0.010859013,0,0
54.4,0.010233641,0,0
54.45,0.0096001625,0,0
54.5,0.00895834,0,0
54.55,0.008308172,0,0
54.600002,0.0076498985,0,0
54.65,0.00698328,0,0
54.7,0.006308794,0,0
54.75,0.0056266785,0,0
54.8,0.004937172,0,0
54.850002,0.0042409897,0,0
54.9,0.0035386086,0,0
54.95,0.0028309822,0,0
55,0.0021190643,0,0
55.05,0.0014038086,0,0
55.100002,0.00068616867,0,0
55.15,-0.000032663345,0,0
55.2,-0.0007519722,0,0
55.25,-0.0014708042,0,0
55.3,-0.0021882057,0,0
55.350002,-0.0029034615,0,0
55.4,-0.0036156178,0,0
55.45,-0.004324198,0,0
55.5,-0.0050284863,0,0
55.55,-0.0057275295,0,0
55.600002,-0.0064208508,0,0
55.65,-0.0071077347,0,0
55.7,-0.0077872276,0,0
55.75,-0.008458853,0,0
55.8,-0.009121656,0,0
55.850002,-0.009774923,0,0
55.9,-0.0104177,0,0
55.95,-0.011049509,0,0
56,-0.011669397,0,0
56.05,-0.0122766495,0,0
56.100002,-0.01287055,0,0
56.15,-0.013450623,0,0
56.2,-0.014016151,0,0
56.25,-0.01456666,0,0
56.3,-0.015101433,0,0
56.350002,-0.015619993,0,0
56.4,-0.016121864,0,0
56.45,-0.01660633,0,0
56.5,-0.017072678,0,0
56.55,-0.01752019,0,0
56.600002,-0.01794815,0,0
56.65,-0.018355608,0,0
56.7,-0.018741846,0,0
56.75,-0.01910615,0,0
56.8,-0.019447803,0,0
56.850002,-0.019766092,0,0
56.9,-0.0200603,0,0
56.95,-0.020329952,0,0
57,-0.020574808,0,0
57.05,-0.020794392,0,0
57.100002,-0.020988703,0,0
57.15,-0.021157742,0,0
57.2,-0.021301746,0,0
57.25,-0.021420479,0,0
57.3,-0.021514416,0,0
57.350002,-0.021583557,0,0
57.4,-0.02162838,0,0
57.45,-0.021648645,0,0
57.5,-0.02164483,0,0
57.55,-0.021616697,0,0
57.600002,-0.021564484,0,0
57.65,-0.02148819,0,0
57.7,-0.021387815,0,0
57.75,-0.0212636,0,0
57.8,-0.021115303,0,0
57.850002,-0.020943165,0,0
57.9,-0.020747423,0,0
57.95,-0.020528316,0,0
58,-0.020286322,0,0
58.05,-0.020021677,0,0
58.100002,-0.019735098,0,0
58.15,-0.019426823,0,0
58.2,-0.019097328,0,0
58.25,-0.018746853,0,0
58.3,-0.018376112,0,0
58.350002,-0.017985106,0,0
58.4,-0.01757431,0,0
58.45,-0.017143488,0,0
58.5,-0.016693115,0,0
58.55,-0.016222954,0,0
58.600002,-0.015733242,0,0
58.65,-0.01522398,0,0
58.7,-0.014695168,0,0
58.75,-0.014147043,0,0
58.8,-0.013579845,0,0
58.850002,-0.012994051,0,0
58.9,-0.012390375,0,0
58.95,-0.011769295,0,0
59,-0.011132002,0,0
59.05,-0.010479212,0,0
59.100002,-0.009812355,0,0
59.15,-0.009132385,0,0
59.2,-0.008440495,0,0
59.25,-0.0077381134,0,0
59.3,-0.007026434,0,0
59.350002,-0.0063066483,0,0
59.4,-0.00557971,0,0
59.45,-0.0048468113,0,0
59.5,-0.004108906,0,0
59.55,-0.0033671856,0,0
59.600002,-0.002622366,0,0
59.65,-0.001875639,0,0
59.7,-0.0011277199,0,0
59.75,-0.00037956238,0,0
59.8,0.00036787987,0,0
59.850002,0.0011136532,0,0
59.9,0.0018568039,0,0
59.95,0.00259614,0,0
60,0.003330946,0,0
60.05,0.00406003,0,0
60.100002,0.0047824383,0,0
60.15,0.0054974556,0,0
60.2,0.0062041283,0,0
60.25,0.006901741,0,0
60.3,0.0075895786,0,0
60.350002,0.008267164,0,0
60.4,0.008933783,0,0
60.45,0.009588718,0,0
60.5,0.010231733,0,0
60.55,0.01086235,0,0
60.600002,0.011480093,0,0
60.65,0.012084246,0,0
60.7,0.01267457,0,0
60.75,0.013250351,0,0
60.8,0.013811111,0,0
60.850002,0.014356375,0,0
60.9,0.014885664,0,0
60.95,0.015398502,0,0
61,0.015894413,0,0
61.05,0.016373158,0,0
61.100002,0.016834736,0,0
61.15,0.017278671,0,0
61.2,0.017704964,0,0
61.25,0.018113852,0,0
61.3,0.018505096,0,0
61.350002,0.018878937,0,0
61.4,0.019235611,0,0
61.45,0.019575119,0,0
61.5,0.019897461,0,0
61.55,0.020202637,0,0
61.600002,0.020490646,0,0
61.65,0.020761251,0,0
61.7,0.021014214,0,0
61.75,0.021249294,0,0
61.8,0.021466255,0,0
61.850002,0.02166462,0,0
61.9,0.021844149,0,0
61.95,0.022004604,0,0
62,0.022145748,0,0
62.05,0.022267342,0,0
62.100002,0.022369146,0,0
62.15,0.022451162,0,0
62.2,0.02251339,0,0
62.25,0.02255559,0,0
62.3,0.022578001,0,0
62.350002,0.022580624,0,0
62.4,0.02256322,0,0
62.45,0.022526026,0,0
62.5,0.022468805,0,0
62.55,0.02239132,0,0
62.600002,0.022293568,0,0
62.65,0.022175312,0,0
62.7,0.022036314,0,0
62.75,0.021876574,0,0
62.8,0.021695852,0,0
62.850002,0.02149415,0,0
62.9,0.021271467,0,0
62.95,0.02102828,0,0
63,0.020764828,0,0
63.05,0.020481586,0,0
63.100002,0.020179272,0,0
63.15,0.01985836,0,0
63.2,0.019519806,0,0
63.25,0.019164324,0,0
63.3,0.018792868,0,0
63.350002,0.018406153,0,0
63.4,0.018004894,0,0
63.45,0.017590046,0,0
63.5,0.017162085,0,0
63.55,0.016721725,0,0
63.600002,0.016269207,0,0
63.65,0.015805244,0,0
63.7,0.015330315,0,0
63.75,0.014844894,0,0
63.8,0.014349461,0,0
63.850002,0.01384449,0,0
63.9,0.01333046,0,0
63.95,0.012808323,0,0
64,0.012278795,0,0
64.05,0.011742592,0,0
64.1,0.011200428,0,0
64.15,0.010653496,0,0
64.200005,0.010102749,0,0
64.25,0.009549141,0,0
64.3,0.008993626,0,0
64.35,0.008437157,0,0
64.4,0.007880688,0,0
64.450005,0.007324934,0,0
64.5,0.006770611,0,0
64.55,0.006218672,0,0
64.6,0.0056693554,0,0
64.65,0.005123377,0,0
64.700005,0.0045814514,0,0
64.75,0.004043579,0,0
64.8,0.0035104752,0,0
64.85,0.002982378,0,0
64.9,0.002459526,0,0
64.950005,0.0019421577,0,0
65,0.0014305115,0,0
65.05,0.00092458725,0,0
65.1,0.0004248619,0,0
65.15,-0.00006890297,0,0
65.200005,-0.00055646896,0,0
65.25,-0.0010378361,0,0
65.3,-0.0015130043,0,0
65.35,-0.0019817352,0,0
65.4,-0.0024442673,0,0
65.450005,-0.0029006004,0,0
65.5,-0.0033507347,0,0
65.55,-0.00379467,0,0
65.6,-0.004232168,0,0
65.65,-0.0046629906,0,0
65.700005,-0.005087137,0,0
65.75,-0.0055041313,0,0
65.8,-0.005913973,0,0
65.85,-0.006316185,0,0
65.9,-0.0067105293,0,0
65.950005,-0.0070967674,0,0
66,-0.007474661,0,0
66.05,-0.00784421,0,0
66.1,-0.008205175,0,0
66.15,-0.00855732,0,0
66.200005,-0.008900642,0,0
66.25,-0.009235144,0,0
66.3,-0.009561062,0,0
66.35,-0.009878397,0,0
66.4,-0.010186911,0,0
66.450005,-0.010486841,0,0
66.5,-0.010778189,0,0
66.55,-0.011060953,0,0
66.6,-0.011334896,0,0
66.65,-0.011599779,0,0
66.700005,-0.011855364,0,0
66.75,-0.012101412,0,0
66.8,-0.012337685,0,0
66.85,-0.012563944,0,0
66.9,-0.012779951,0,0
66.950005,-0.012985468,0,0
67,-0.013180256,0,0
67.05,-0.013364077,0,0
67.1,-0.0135371685,0,0
67.15,-0.013699293,0,0
67.200005,-0.0138504505,0,0
67.25,-0.013990641,0,0
67.3,-0.014120102,0,0
67.35,-0.014238596,0,0
67.4,-0.014346123,0,0
67.450005,-0.014442444,0,0
67.5,-0.014527559,0,0
67.55,-0.014600992,0,0
67.6,-0.014662504,0,0
67.65,-0.01471138,0,0
67.700005,-0.014747381,0,0
67.75,-0.014770031,0,0
67.8,-0.014778614,0,0
67.85,-0.014772892,0,0
67.9,-0.014752388,0,0
67.950005,-0.014717102,0,0
68,-0.014666557,0,0
68.05,-0.014600754,0,0
68.1,-0.01451993,0,0
68.15,-0.014424086,0,0
68.200005,-0.014313221,0,0
68.25,-0.014187813,0,0
68.3,-0.0140480995,0,0
68.35,-0.0138943195,0,0
68.4,-0.013726711,0,0
68.450005,-0.013545513,0,0
68.5,-0.013350964,0,0
68.55,-0.013143301,0,0
68.6,-0.012922525,0,0
68.65,-0.012688875,0,0
68.700005,-0.012442589,0,0
68.75,-0.012183666,0,0
68.8,-0.0119121075,0,0
68.85,-0.0116279125,0,0
68.9,-0.011331558,0,0
68.950005,-0.011023045,0,0
69,-0.010702848,0,0
69.05,-0.010371208,0,0
69.1,-0.010028362,0,0
69.15,-0.009674549,0,0
69.200005,-0.009310484,0,0
69.25,-0.008936167,0,0
69.3,-0.008552074,0,0
69.35,-0.008158445,0,0
69.4,-0.007755518,0,0
69.450005,-0.0073435307,0,0
69.5,-0.006922722,0,0
69.55,-0.00649333,0,0
69.6,-0.006055355,0,0
69.65,-0.0056090355,0,0
69.700005,-0.005154848,0,0
69.75,-0.004692793,0,0
69.8,-0.0042233467,0,0
69.85,-0.0037469864,0,0
69.9,-0.0032641888,0,0
69.950005,-0.0027754307,0,0
70,-0.0022816658,0,0
70.05,-0.0017836094,0,0
70.1,-0.0012819767,0,0
70.15,-0.0007777214,0,0
70.200005,-0.00027179718,0,0
70.25,0.00023508072,0,0
70.3,0.0007417202,0,0
70.35,0.0012471676,0,0
70.4,0.0017504692,0,0
70.450005,0.0022509098,0,0
70.5,0.0027475357,0,0
70.55,0.0032393932,0,0
70.6,0.0037257671,0,0
70.65,0.004205942,0,0
70.700005,0.0046794415,0,0
70.75,0.00514555,0,0
70.8,0.0056037903,0,0
70.85,0.0060539246,0,0
70.9,0.006495714,0,0
70.950005,0.0069289207,0,0
71,0.0073535442,0,0
71.05,0.007769823,0,0
71.1,0.008177757,0,0
71.15,0.008577585,0,0
71.200005,0.008969307,0,0
71.25,0.009353399,0,0
71.3,0.009730101,0,0
71.35,0.010099173,0,0
71.4,0.010460854,0,0
71.450005,0.010815144,0,0
71.5,0.011161804,0,0
71.55,0.011500359,0,0
71.6,0.01183033,0,0
71.65,0.012151003,0,0
71.700005,0.012461901,0,0
71.75,0.01276207,0,0
71.8,0.013050795,0,0
71.85,0.013327599,0,0
71.9,0.013591528,0,0
71.950005,0.013842344,0,0
72,0.014079571,0,0
72.05,0.014302731,0,0
72.1,0.014511824,0,0
72.15,0.0147070885,0,0
72.200005,0.014888287,0,0
72.25,0.015055895,0,0
72.3,0.015210152,0,0
72.35,0.015351057,0,0
72.4,0.015479088,0,0
72.450005,0.015594006,0,0
72.5,0.015696049,0,0
72.55,0.015784979,0,0
72.6,0.015860796,0,0
72.65,0.015923023,0,0
72.700005,0.015970945,0,0
72.75,0.016004324,0,0
72.8,0.016022444,0,0
72.85,0.01602459,0,0
72.9,0.016010046,0,0
72.950005,0.015978575,0,0
73,0.015929699,0,0
73.05,0.015862942,0,0
73.1,0.015778065,0,0
73.15,0.015675306,0,0
73.200005,0.015554428,0,0
73.25,0.0154156685,0,0
73.3,0.015259266,0,0
73.35,0.015085697,0,0
73.4,0.014895201,0,0
73.450005,0.014688253,0,0
73.5,0.014465332,0,0
73.55,0.014226913,0,0
73.6,0.0139734745,0,0
73.65,0.013705492,0,0
73.700005,0.013423681,0,0
73.75,0.013128281,0,0
73.8,0.012820005,0,0
73.85,0.012499332,0,0
73.9,0.0121667385,0,0
73.950005,0.011822939,0,0
74,0.011468172,0,0
74.05,0.011103392,0,0
74.1,0.010728836,0,0
74.15,0.010344982,0,0
74.200005,0.009952545,0,0
74.25,0.009551764,0,0
74.3,0.009143114,0,0
74.35,0.008726835,0,0
74.4,0.008303165,0,0
74.450005,0.0078725815,0,0
74.5,0.007435322,0,0
74.55,0.006991625,0,0
74.6,0.0065419674,0,0
74.65,0.006086588,0,0
74.700005,0.005625963,0,0
74.75,0.0051603317,0,0
74.8,0.0046904087,0,0
74.85,0.004216671,0,0
74.9,0.0037398338,0,0
74.950005,0.0032606125,0,0
75,0.0027794838,0,0
75.05,0.0022974014,0,0
75.1,0.0018148422,0,0
75.15,0.0013325214,0,0
75.200005,0.0008509159,0,0
75.25,0.00037050247,0,0
75.3,-0.00010848045,0,0
75.35,-0.0005853176,0,0
75.4,-0.001060009,0,0
75.450005,-0.0015320778,0,0
75.5,-0.0020012856,0,0
75.55,-0.0024673939,0,0
75.6,-0.0029301643,0,0
75.65,-0.00338912,0,0
75.700005,-0.0038437843,0,0
75.75,-0.00429368,0,0
75.8,-0.0047380924,0,0
75.85,-0.005176306,0,0
75.9,-0.0056078434,0,0
75.950005,-0.006031513,0,0
76,-0.0064468384,0,0
76.05,-0.006852865,0,0
76.1,-0.00724864,0,0
76.15,-0.0076334476,0,0
76.200005,-0.008006573,0,0
76.25,-0.0083673,0,0
76.3,-0.008714914,0,0
76.35,-0.009049177,0,0
76.4,-0.009369373,0,0
76.450005,-0.009675026,0,0
76.5,-0.009965897,0,0
76.55,-0.010241747,0,0
76.6,-0.0105021,0,0
76.65,-0.010746717,0,0
76.700005,-0.010975361,0,0
76.75,-0.01118803,0,0
76.8,-0.011384487,0,0
76.85,-0.011564493,0,0
76.9,-0.011728287,0,0
76.950005,-0.011875868,0,0
77,-0.012007475,0,0
77.05,-0.012123346,0,0
77.1,-0.012223721,0,0
77.15,-0.012309074,0,0
77.200005,-0.012379646,0,0
77.25,-0.0124361515,0,0
77.3,-0.012479067,0,0
77.35,-0.012508869,0,0
77.4,-0.012526035,0,0
77.450005,-0.012530804,0,0
77.5,-0.012523651,0,0
77.55,-0.012504578,0,0
77.6,-0.012473822,0,0
77.65,-0.012431622,0,0
77.700005,-0.012377739,0,0
77.75,-0.012312412,0,0
77.8,-0.012235403,0,0
77.85,-0.01214695,0,0
77.9,-0.012046814,0,0
77.950005,-0.011935234,0,0
78,-0.0118124485,0,0
78.05,-0.011678457,0,0
78.1,-0.011533499,0,0
78.15,-0.01137805,0,0
78.200005,-0.011212349,0,0
78.25,-0.011036634,0,0
78.3,-0.010851383,0,0
78.35,-0.010656834,0,0
78.4,-0.010453224,0,0
78.450005,-0.010240793,0,0
78.5,-0.010019779,0,0
78.55,-0.009790182,0,0
78.6,-0.00955224,0,0
78.65,-0.009305716,0,0
78.700005,-0.009050608,0,0
78.75,-0.008786917,0,0
78.8,-0.008514643,0,0
78.85,-0.008233786,0,0
78.9,-0.0079443455,0,0
78.950005,-0.0076465607,0,0
79,-0.007340908,0,0
79.05,-0.0070273876,0,0
79.1,-0.0067067146,0,0
79.15,-0.0063791275,0,0
79.200005,-0.0060453415,0,0
79.25,-0.005705595,0,0
79.3,-0.005360365,0,0
79.35,-0.005010128,0,0
79.4,-0.004655361,0,0
79.450005,-0.0042960644,0,0
79.5,-0.003932476,0,0
79.55,-0.0035648346,0,0
79.6,-0.00319314,0,0
79.65,-0.002817154,0,0
79.700005,-0.0024368763,0,0
79.75,-0.0020523071,0,0
79.8,-0.001663208,0,0
79.85,-0.0012695789,0,0
79.9,-0.0008714199,0,0
79.950005,-0.0004684925,0,0
80,-0.000061035156,0,0
80.05,0.00035095215,0,0
80.1,0.0007674694,0,0
80.15,0.0011882782,0,0
80.200005,0.0016131401,0,0
80.25,0.0020418167,0,0
80.3,0.0024740696,0,0
80.35,0.002909422,0,0
80.4,0.0033478737,0,0
80.450005,0.003788948,0,0
80.5,0.004232168,0,0
80.55,0.0046772957,0,0
80.6,0.0051238537,0,0
80.65,0.005571127,0,0
80.700005,0.006018877,0,0
80.75,0.0064663887,0,0
80.8,0.0069129467,0,0
80.85,0.007357836,0,0
80.9,0.007800579,0,0
80.950005,0.008240223,0,0
81,0.008676052,0,0
81.05,0.009107351,0,0
81.1,0.009533405,0,0
81.15,0.009953499,0,0
81.200005,0.010367155,0,0
81.25,0.01077342,0,0
81.3,0.011171818,0,0
81.35,0.011561632,0,0
81.4,0.011942387,0,0
81.450005,0.012313604,0,0
81.5,0.0126748085,0,0
81.55,0.013025522,0,0
81.6,0.013365269,0,0
81.65,0.013693571,0,0
81.700005,0.014010429,0,0
81.75,0.014315367,0,0
81.8,0.014608383,0,0
81.85,0.01488924,0,0
81.9,0.015157938,0,0
81.950005,0.015414715,0,0
82,0.01565957,0,0
82.05,0.015892744,0,0
82.1,0.016114712,0,0
82.15,0.016325712,0,0
82.200005,0.016526222,0,0
82.25,0.01671648,0,0
82.3,0.016896725,0,0
82.35,0.017067194,0,0
82.4,0.017228127,0,0
82.450005,0.017379522,0,0
82.5,0.017521381,0,0
82.55,0.017653227,0,0
82.6,0.01777482,0,0
82.65,0.017885685,0,0
82.700005,0.017985106,0,0
82.75,0.018072367,0,0
82.8,0.018146753,0,0
82.85,0.018207312,0,0
82.9,0.018253565,0,0
82.950005,0.01828456,0,0
83,0.01829958,0,0
83.05,0.01829815,0,0
83.1,0.01827979,0,0
83.15,0.01824379,0,0
83.200005,0.018190145,0,0
83.25,0.01811862,0,0
83.3,0.018028975,0,0
83.35,0.01792097,0,0
83.4,0.01779461,0,0
83.450005,0.017650127,0,0
83.5,0.017487288,0,0
83.55,0.017305851,0,0
83.6,0.017106056,0,0
83.65,0.016887903,0,0
83.700005,0.016651392,0,0
83.75,0.016396523,0,0
83.8,0.016123295,0,0
83.85,0.015831709,0,0
83.9,0.015521765,0,0
83.950005,0.015193701,0,0
84,0.014847755,0,0
84.05,0.0144844055,0,0
84.1,0.014103651,0,0
84.15,0.013706207,0,0
84.200005,0.013292313,0,0
84.25,0.012862682,0,0
84.3,0.012417793,0,0
84.35,0.011958361,0,0
84.4,0.0114851,0,0
84.450005,0.0109984875,0,0
84.5,0.010499477,0,0
84.55,0.009988546,0,0
84.6,0.009466648,0,0
84.65,0.008934259,0,0
84.700005,0.008392096,0,0
84.75,0.00784111,0,0
84.8,0.0072817802,0,0
84.85,0.006714821,0,0
84.9,0.0061409473,0,0
84.950005,0.005560875,0,0
85,0.004975319,0,0
85.05,0.0043845177,0,0
85.1,0.003789425,0,0
85.15,0.0031905174,0,0
85.200005,0.002588272,0,0
85.25,0.0019831657,0,0
85.3,0.001376152,0,0
85.35,0.0007674694,0,0
85.4,0.00015807152,0,0
85.450005,-0.00045132637,0,0
85.5,-0.0010597706,0,0
85.55,-0.0016665459,0,0
85.6,-0.0022706985,0,0
85.65,-0.0028710365,0,0
85.700005,-0.0034666061,0,0
85.75,-0.0040562153,0,0
85.8,-0.0046389103,0,0
85.85,-0.005213499,0,0
85.9,-0.0057792664,0,0
85.950005,-0.00633502,0,0
86,-0.006880045,0,0
86.05,-0.0074136257,0,0
86.1,-0.007935047,0,0
86.15,-0.008443832,0,0
86.200005,-0.008939505,0,0
86.25,-0.009421825,0,0
86.3,-0.009890556,0,0
86.35,-0.010345459,0,0
86.4,-0.010786295,0,0
86.450005,-0.011212587,0,0
86.5,-0.011624098,0,0
86.55,-0.012020588,0,0
86.6,-0.012401342,0,0
86.65,-0.012765884,0,0
86.700005,-0.013113737,0,0
86.75,-0.013444185,0,0
86.8,-0.013756514,0,0
86.85,-0.014050484,0,0
86.9,-0.01432538,0,0
86.950005,-0.014580965,0,0
87,-0.014816999,0,0
87.05,-0.0150334835,0,0
87.1,-0.015230417,0,0
87.15,-0.015407801,0,0
87.200005,-0.015566111,0,0
87.25,-0.015705585,0,0
87.3,-0.015826464,0,0
87.35,-0.01592946,0,0
87.4,-0.016015053,0,0
87.450005,-0.016083717,0,0
87.5,-0.016135693,0,0
87.55,-0.016171455,0,0
87.6,-0.016191006,0,0
87.65,-0.016194582,0,0
87.700005,-0.016182423,0,0
87.75,-0.01615429,0,0
87.8,-0.016110182,0,0
87.85,-0.016050339,0,0
87.9,-0.015974522,0,0
87.950005,-0.015882492,0,0
88,-0.015774727,0,0
88.05,-0.015650988,0,0
88.1,-0.015511513,0,0
88.15,-0.015356541,0,0
88.200005,-0.015186071,0,0
88.25,-0.015000582,0,0
88.3,-0.01480031,0,0
88.35,-0.014585257,0,0
88.4,-0.014355898,0,0
88.450005,-0.014112234,0,0
88.5,-0.013854504,0,0
88.55,-0.013582706,0,0
88.6,-0.013297081,0,0
88.65,-0.012997627,0,0
88.700005,-0.012684345,0,0
88.75,-0.012357473,0,0
88.8,-0.0120174885,0,0
88.85,-0.011664391,0,0
88.9,-0.011298418,0,0
88.950005,-0.010920286,0,0
89,-0.010530233,0,0
89.05,-0.0101287365,0,0
89.1,-0.009716272,0,0
89.15,-0.009293556,0,0
89.200005,-0.0088608265,0,0
89.25,-0.008418798,0,0
89.3,-0.0079677105,0,0
89.35,-0.007507801,0,0
89.4,-0.0070393085,0,0
89.450005,-0.0065624714,0,0
89.5,-0.006077528,0,0
89.55,-0.00558424,0,0
89.6,-0.0050828457,0,0
89.65,-0.0045731068,0,0
89.700005,-0.004055023,0,0
89.75,-0.0035288334,0,0
89.8,-0.0029945374,0,0
89.85,-0.0024523735,0,0
89.9,-0.0019025803,0,0
89.950005,-0.001345396,0,0
90,-0.00078105927,0,0
90.05,-0.00021028519,0,0
90.1,0.00036668777,0,0
90.15,0.0009493828,0,0
90.200005,0.0015375614,0,0
90.25,0.0021305084,0,0
90.3,0.0027282238,0,0
90.35,0.0033302307,0,0
90.4,0.0039362907,0,0
90.450005,0.0045461655,0,0
90.5,0.0051596165,0,0
90.55,0.0057764053,0,0
90.6,0.0063962936,0,0
90.65,0.007019043,0,0
90.700005,0.0076441765,0,0
90.75,0.008270979,0,0
90.8,0.008899212,0,0
90.85,0.009527922,0,0
90.9,0.010156155,0,0
90.950005,0.0107831955,0,0
91,0.011408091,0,0
91.05,0.012030125,0,0
91.1,0.012648344,0,0
91.15,0.013261795,0,0
91.200005,0.013869762,0,0
91.25,0.014471531,0,0
91.3,0.015066624,0,0
91.35,0.015654325,0,0
91.4,0.016234398,0,0
91.450005,0.016806364,0,0
91.5,0.017369986,0,0
91.55,0.017924786,0,0
91.6,0.018470287,0,0
91.65,0.019006252,0,0
91.700005,0.019532204,0,0
91.75,0.020047426,0,0
91.8,0.020551205,0,0
91.85,0.021042824,0,0
91.9,0.021521568,0,0
91.950005,0.021986485,0,0
92,0.022436619,0,0
92.05,0.022871017,0,0
92.1,0.023288488,0,0
92.15,0.023688316,0,0
92.200005,0.02406931,0,0
92.25,0.024430513,0,0
92.3,0.024771214,0,0
92.35,0.025090456,0,0
92.4,0.025387287,0,0
92.450005,0.025660992,0,0
92.5,0.025910854,0,0
92.55,0.02613616,0,0
92.6,0.026336193,0,0
92.65,0.02651,0,0
92.700005,0.026657104,0,0
92.75,0.026776552,0,0
92.8,0.026867628,0,0
92.85,0.026929617,0,0
92.9,0.026962042,0,0
92.950005,0.026964426,0,0
93,0.026936293,0,0
93.05,0.026877642,0,0
93.1,0.026787996,0,0
93.15,0.026667595,0,0
93.200005,0.026516676,0,0
93.25,0.026335716,0,0
93.3,0.026124954,0,0
93.35,0.025885105,0,0
93.4,0.025616884,0,0
93.450005,0.025321245,0,0
93.5,0.024998903,0,0
93.55,0.024650812,0,0
93.6,0.024277687,0,0
93.65,0.023880243,0,0
93.700005,0.023459196,0,0
93.75,0.0230155,0,0
93.8,0.02254939,0,0
93.85,0.022061586,0,0
93.9,0.021552563,0,0
93.950005,0.021023035,0,0
94,0.020473242,0,0
94.05,0.019904137,0,0
94.1,0.019315958,0,0
94.15,0.01870966,0,0
94.200005,0.018085718,0,0
94.25,0.017445326,0,0
94.3,0.016789436,0,0
94.35,0.016119003,0,0
94.4,0.015435457,0,0
94.450005,0.01473999,0,0
94.5,0.014034033,0,0
94.55,0.0133190155,0,0
94.6,0.012596607,0,0
94.65,0.011868,0,0
94.700005,0.011134863,0,0
94.75,0.010398626,0,0
94.8,0.009660482,0,0
94.85,0.008921862,0,0
94.9,0.008183956,0,0
94.950005,0.007447958,0,0
95,0.0067145824,0,0
95.05,0.0059850216,0,0
95.1,0.0052599907,0,0
95.15,0.0045404434,0,0
95.200005,0.003827095,0,0
95.25,0.0031204224,0,0
95.3,0.0024211407,0,0
95.35,0.0017297268,0,0
95.4,0.001046896,0,0
95.450005,0.00037288666,0,0
95.5,-0.00029158592,0,0
95.55,-0.00094628334,0,0
95.6,-0.0015907288,0,0
95.65,-0.0022246838,0,0
95.700005,-0.00284791,0,0
95.75,-0.0034599304,0,0
95.8,-0.0040609837,0,0
95.85,-0.004650593,0,0
95.9,-0.0052289963,0,0
95.950005,-0.0057959557,0,0
96,-0.006351471,0,0
96.05,-0.0068957806,0,0
96.1,-0.007428646,0,0
96.15,-0.0079500675,0,0
96.200005,-0.008459806,0,0
96.25,-0.008957863,0,0
96.3,-0.009443998,0,0
96.35,-0.009917736,0,0
96.4,-0.010378599,0,0
96.450005,-0.010826349,0,0
96.5,-0.011260271,0,0
96.55,-0.011679888,0,0
96.6,-0.012084484,0,0
96.65,-0.012473583,0,0
96.700005,-0.012846947,0,0
96.75,-0.013204336,0,0
96.8,-0.013545513,0,0
96.85,-0.013870716,0,0
96.9,-0.014179945,0,0
96.950005,-0.014473677,0,0
97,-0.01475215,0,0
97.05,-0.015016079,0,0
97.1,-0.015265942,0,0
97.15,-0.015502453,0,0
97.200005,-0.01572609,0,0
97.25,-0.015937328,0,0
97.3,-0.016136885,0,0
97.35,-0.016324759,0,0
97.4,-0.016501188,0,0
97.450005,-0.016665936,0,0
97.5,-0.016819,0,0
97.55,-0.016960144,0,0
97.6,-0.017089128,0,0
97.65,-0.017205477,0,0
97.700005,-0.017308712,0,0
97.75,-0.017398596,0,0
97.8,-0.017474651,0,0
97.85,-0.017537117,0,0
97.9,-0.017585754,0,0
97.950005,-0.017620564,0,0
98,-0.017642021,0,0
98.05,-0.017650366,0,0
98.1,-0.017646074,0,0
98.15,-0.017629385,0,0
98.200005,-0.017601013,0,0
98.25,-0.017560959,0,0
98.3,-0.01750946,0,0
98.35,-0.017446518,0,0
98.4,-0.017372131,0,0
98.450005,-0.017286062,0,0
98.5,-0.017187595,0,0
98.55,-0.017076254,0,0
98.6,-0.016951323,0,0
98.65,-0.016811848,0,0
98.700005,-0.016656876,0,0
98.75,-0.016485691,0,0
98.8,-0.01629734,0,0
98.85,-0.01609087,0,0
98.9,-0.015865803,0,0
98.950005,-0.015621662,0,0
99,-0.01535821,0,0
99.05,-0.015075445,0,0
99.1,-0.014773369,0,0
99.15,-0.014451981,0,0
99.200005,-0.014111757,0,0
99.25,-0.013752937,0,0
99.3,-0.013376236,0,0
99.35,-0.012981892,0,0
99.4,-0.01257062,0,0
99.450005,-0.012142897,0,0
99.5,-0.011698961,0,0
99.55,-0.011239529,0,0
99.6,-0.010764599,0,0
99.65,-0.010274887,0,0
99.700005,-0.009770393,0,0
99.75,-0.009251356,0,0
99.8,-0.008718252,0,0
99.85,-0.00817132,0,0
99.9,-0.007610798,0,0
99.950005,-0.0070369244,0,0
